{"cameraMode":{"drawMode":0,"name":"Shaded","section":"Shading Mode"},"sceneLighting":false,"audioPlay":false,"sceneViewState":{"showFog":true,"showMaterialUpdate":false,"showSkybox":false,"showFlares":true,"showImageEffects":true,"showParticleSystems":true},"in2DMode":false,"pivot":{"x":0.8900043964385986,"y":1.4597855806350709,"z":0.6940005421638489},"rotation":{"x":-0.05907246097922325,"y":0.7100996375083923,"z":-0.06001675873994827,"w":-0.6990731358528137},"size":1.837117314338684,"orthographic":false}