{"cameraMode":{"drawMode":0,"name":"Shaded","section":"Shading Mode"},"sceneLighting":true,"audioPlay":false,"sceneViewState":{"showFog":true,"showMaterialUpdate":false,"showSkybox":true,"showFlares":true,"showImageEffects":true,"showParticleSystems":true},"in2DMode":false,"pivot":{"x":16.47571563720703,"y":-73.233154296875,"z":-45.845027923583987},"rotation":{"x":0.05260631442070007,"y":0.9097177982330322,"z":-0.39356911182403567,"w":0.12165656685829163},"size":55.75423812866211,"orthographic":false}